{"mean": 33.43706632653061, "std": 78.71812935790497}